Application,Cores,Running Time,Spread
is.C.x,2,6.906912088394165,0
is.C.x,2,6.946452856063843,1
is.C.x,2,6.905665397644043,0
is.C.x,2,6.951334238052368,1
is.C.x,2,6.926692724227905,0
is.C.x,2,6.907693147659302,1
